delta_v_m_s,total_prop_kg,fuel_kg,ox_kg,cost_usd,cost_per_ms_usd,burn_time_s,fuel_volume_L,ox_volume_L
1,0.004574,0.001577,0.002997,1.27,1.2743,1.44,0.002,0.0021
2,0.009149,0.003155,0.005994,2.55,1.2746,2.87,0.004,0.0041
3,0.013727,0.004733,0.008993,3.82,1.2749,4.31,0.006,0.0062
4,0.018306,0.006312,0.011994,5.1,1.2751,5.74,0.008,0.0083
5,0.022887,0.007892,0.014995,6.38,1.2754,7.18,0.01,0.0104
6,0.02747,0.009473,0.017998,7.65,1.2756,8.62,0.012,0.0124
7,0.032055,0.011054,0.021002,8.93,1.2759,10.06,0.014,0.0145
8,0.036642,0.012635,0.024007,10.21,1.2762,11.5,0.016,0.0166
9,0.041231,0.014218,0.027013,11.49,1.2764,12.94,0.018,0.0187
10,0.045821,0.0158,0.030021,12.77,1.2767,14.38,0.02,0.0207
11,0.050414,0.017384,0.03303,14.05,1.2769,15.82,0.022,0.0228
12,0.055008,0.018968,0.03604,15.33,1.2772,17.26,0.024,0.0249
13,0.059604,0.020553,0.039051,16.61,1.2775,18.7,0.026,0.027
14,0.064202,0.022139,0.042064,17.89,1.2777,20.15,0.028,0.029
15,0.068802,0.023725,0.045077,19.17,1.278,21.59,0.03,0.0311
16,0.073404,0.025312,0.048092,20.45,1.2782,23.04,0.032,0.0332
17,0.078008,0.026899,0.051108,21.73,1.2785,24.48,0.034,0.0353
18,0.082613,0.028487,0.054126,23.02,1.2788,25.93,0.0361,0.0374
19,0.087221,0.030076,0.057145,24.3,1.279,27.37,0.0381,0.0395
20,0.09183,0.031666,0.060165,25.59,1.2793,28.82,0.0401,0.0416
21,0.096441,0.033256,0.063186,26.87,1.2795,30.26,0.0421,0.0436
22,0.101054,0.034846,0.066208,28.16,1.2798,31.71,0.0441,0.0457
23,0.105669,0.036438,0.069232,29.44,1.2801,33.16,0.0461,0.0478
24,0.110286,0.03803,0.072256,30.73,1.2803,34.61,0.0481,0.0499
25,0.114905,0.039622,0.075283,32.01,1.2806,36.06,0.0502,0.052
26,0.119526,0.041216,0.07831,33.3,1.2809,37.51,0.0522,0.0541
27,0.124148,0.04281,0.081338,34.59,1.2811,38.96,0.0542,0.0562
28,0.128773,0.044404,0.084368,35.88,1.2814,40.41,0.0562,0.0583
29,0.133399,0.046,0.087399,37.17,1.2816,41.86,0.0582,0.0604
30,0.138027,0.047596,0.090432,38.46,1.2819,43.31,0.0602,0.0625
31,0.142657,0.049192,0.093465,39.75,1.2822,44.77,0.0623,0.0645
32,0.147289,0.050789,0.0965,41.04,1.2824,46.22,0.0643,0.0666
33,0.151923,0.052387,0.099536,42.33,1.2827,47.68,0.0663,0.0687
34,0.156559,0.053986,0.102573,43.62,1.283,49.13,0.0683,0.0708
35,0.161197,0.055585,0.105612,44.91,1.2832,50.59,0.0704,0.0729
36,0.165836,0.057185,0.108651,46.21,1.2835,52.04,0.0724,0.075
37,0.170478,0.058785,0.111692,47.5,1.2837,53.5,0.0744,0.0771
38,0.175121,0.060387,0.114734,48.79,1.284,54.96,0.0764,0.0792
39,0.179766,0.061988,0.117778,50.09,1.2843,56.41,0.0785,0.0813
40,0.184413,0.063591,0.120823,51.38,1.2845,57.87,0.0805,0.0834
41,0.189063,0.065194,0.123869,52.68,1.2848,59.33,0.0825,0.0855
42,0.193714,0.066798,0.126916,53.97,1.2851,60.79,0.0846,0.0876
43,0.198366,0.068402,0.129964,55.27,1.2853,62.25,0.0866,0.0898
44,0.203021,0.070007,0.133014,56.57,1.2856,63.71,0.0886,0.0919
45,0.207678,0.071613,0.136065,57.86,1.2859,65.17,0.0906,0.094
46,0.212337,0.073219,0.139117,59.16,1.2861,66.63,0.0927,0.0961
47,0.216997,0.074827,0.14217,60.46,1.2864,68.1,0.0947,0.0982
48,0.221659,0.076434,0.145225,61.76,1.2866,69.56,0.0968,0.1003
49,0.226324,0.078043,0.148281,63.06,1.2869,71.02,0.0988,0.1024
50,0.23099,0.079652,0.151338,64.36,1.2872,72.49,0.1008,0.1045
51,0.235658,0.081261,0.154397,65.66,1.2874,73.95,0.1029,0.1066
52,0.240328,0.082872,0.157456,66.96,1.2877,75.42,0.1049,0.1087
53,0.245,0.084483,0.160517,68.26,1.288,76.88,0.1069,0.1109
54,0.249674,0.086095,0.16358,69.56,1.2882,78.35,0.109,0.113
55,0.25435,0.087707,0.166643,70.87,1.2885,79.82,0.111,0.1151
56,0.259028,0.08932,0.169708,72.17,1.2888,81.29,0.1131,0.1172
57,0.263707,0.090934,0.172774,73.47,1.289,82.75,0.1151,0.1193
58,0.268389,0.092548,0.175841,74.78,1.2893,84.22,0.1171,0.1214
59,0.273072,0.094163,0.178909,76.08,1.2896,85.69,0.1192,0.1236
60,0.277758,0.095779,0.181979,77.39,1.2898,87.16,0.1212,0.1257
61,0.282445,0.097395,0.18505,78.7,1.2901,88.63,0.1233,0.1278
62,0.287134,0.099012,0.188122,80.0,1.2903,90.11,0.1253,0.1299
63,0.291825,0.100629,0.191196,81.31,1.2906,91.58,0.1274,0.132
64,0.296519,0.102248,0.194271,82.62,1.2909,93.05,0.1294,0.1342
65,0.301214,0.103867,0.197347,83.92,1.2911,94.52,0.1315,0.1363
66,0.30591,0.105486,0.200424,85.23,1.2914,96.0,0.1335,0.1384
67,0.310609,0.107107,0.203503,86.54,1.2917,97.47,0.1356,0.1405
68,0.31531,0.108728,0.206583,87.85,1.2919,98.95,0.1376,0.1427
69,0.320013,0.110349,0.209664,89.16,1.2922,100.42,0.1397,0.1448
70,0.324718,0.111972,0.212746,90.47,1.2925,101.9,0.1417,0.1469
71,0.329424,0.113595,0.21583,91.78,1.2927,103.38,0.1438,0.1491
72,0.334133,0.115218,0.218914,93.1,1.293,104.86,0.1458,0.1512
73,0.338843,0.116842,0.222001,94.41,1.2933,106.33,0.1479,0.1533
74,0.343555,0.118467,0.225088,95.72,1.2935,107.81,0.15,0.1554
75,0.34827,0.120093,0.228177,97.04,1.2938,109.29,0.152,0.1576
76,0.352986,0.121719,0.231267,98.35,1.2941,110.77,0.1541,0.1597
77,0.357704,0.123346,0.234358,99.66,1.2943,112.25,0.1561,0.1618
78,0.362424,0.124974,0.23745,100.98,1.2946,113.73,0.1582,0.164
79,0.367146,0.126602,0.240544,102.29,1.2949,115.22,0.1603,0.1661
80,0.37187,0.128231,0.243639,103.61,1.2951,116.7,0.1623,0.1683
81,0.376596,0.129861,0.246735,104.93,1.2954,118.18,0.1644,0.1704
82,0.381324,0.131491,0.249833,106.24,1.2957,119.66,0.1664,0.1725
83,0.386054,0.133122,0.252932,107.56,1.2959,121.15,0.1685,0.1747
84,0.390786,0.134754,0.256032,108.88,1.2962,122.63,0.1706,0.1768
85,0.395519,0.136386,0.259133,110.2,1.2965,124.12,0.1726,0.179
86,0.400255,0.138019,0.262236,111.52,1.2967,125.61,0.1747,0.1811
87,0.404993,0.139653,0.26534,112.84,1.297,127.09,0.1768,0.1832
88,0.409732,0.141287,0.268445,114.16,1.2973,128.58,0.1788,0.1854
89,0.414474,0.142922,0.271552,115.48,1.2975,130.07,0.1809,0.1875
90,0.419217,0.144558,0.274659,116.8,1.2978,131.56,0.183,0.1897
91,0.423962,0.146194,0.277768,118.12,1.2981,133.04,0.1851,0.1918
92,0.42871,0.147831,0.280879,119.45,1.2983,134.53,0.1871,0.194
93,0.433459,0.149469,0.28399,120.77,1.2986,136.02,0.1892,0.1961
94,0.43821,0.151107,0.287103,122.09,1.2989,137.52,0.1913,0.1983
95,0.442963,0.152746,0.290217,123.42,1.2991,139.01,0.1933,0.2004
96,0.447719,0.154386,0.293333,124.74,1.2994,140.5,0.1954,0.2026
97,0.452476,0.156026,0.29645,126.07,1.2997,141.99,0.1975,0.2047
98,0.457235,0.157667,0.299568,127.4,1.2999,143.49,0.1996,0.2069
99,0.461996,0.159309,0.302687,128.72,1.3002,144.98,0.2017,0.209
100,0.466759,0.160951,0.305807,130.05,1.3005,146.47,0.2037,0.2112
101,0.471524,0.162594,0.308929,131.38,1.3008,147.97,0.2058,0.2133
102,0.476291,0.164238,0.312052,132.7,1.301,149.47,0.2079,0.2155
103,0.481059,0.165883,0.315177,134.03,1.3013,150.96,0.21,0.2177
104,0.48583,0.167528,0.318303,135.36,1.3016,152.46,0.2121,0.2198
105,0.490603,0.169173,0.32143,136.69,1.3018,153.96,0.2141,0.222
106,0.495378,0.17082,0.324558,138.02,1.3021,155.46,0.2162,0.2241
107,0.500154,0.172467,0.327687,139.35,1.3024,156.95,0.2183,0.2263
108,0.504933,0.174115,0.330818,140.68,1.3026,158.45,0.2204,0.2285
109,0.509714,0.175763,0.33395,142.02,1.3029,159.95,0.2225,0.2306
110,0.514496,0.177413,0.337084,143.35,1.3032,161.46,0.2246,0.2328
111,0.519281,0.179062,0.340218,144.68,1.3034,162.96,0.2267,0.235
112,0.524067,0.180713,0.343355,146.02,1.3037,164.46,0.2288,0.2371
113,0.528856,0.182364,0.346492,147.35,1.304,165.96,0.2308,0.2393
114,0.533646,0.184016,0.34963,148.68,1.3043,167.47,0.2329,0.2415
115,0.538439,0.185669,0.35277,150.02,1.3045,168.97,0.235,0.2436
116,0.543233,0.187322,0.355911,151.36,1.3048,170.47,0.2371,0.2458
117,0.54803,0.188976,0.359054,152.69,1.3051,171.98,0.2392,0.248
118,0.552828,0.19063,0.362198,154.03,1.3053,173.48,0.2413,0.2501
119,0.557628,0.192286,0.365343,155.37,1.3056,174.99,0.2434,0.2523
120,0.562431,0.193942,0.368489,156.7,1.3059,176.5,0.2455,0.2545
121,0.567235,0.195598,0.371637,158.04,1.3061,178.01,0.2476,0.2567
122,0.572041,0.197256,0.374786,159.38,1.3064,179.51,0.2497,0.2588
123,0.57685,0.198914,0.377936,160.72,1.3067,181.02,0.2518,0.261
124,0.58166,0.200572,0.381087,162.06,1.307,182.53,0.2539,0.2632
125,0.586472,0.202232,0.38424,163.4,1.3072,184.04,0.256,0.2654
126,0.591286,0.203892,0.387394,164.74,1.3075,185.55,0.2581,0.2675
127,0.596102,0.205553,0.39055,166.09,1.3078,187.06,0.2602,0.2697
128,0.600921,0.207214,0.393707,167.43,1.308,188.58,0.2623,0.2719
129,0.605741,0.208876,0.396865,168.77,1.3083,190.09,0.2644,0.2741
130,0.610563,0.210539,0.400024,170.12,1.3086,191.6,0.2665,0.2763
131,0.615387,0.212202,0.403185,171.46,1.3089,193.12,0.2686,0.2784
132,0.620213,0.213867,0.406347,172.8,1.3091,194.63,0.2707,0.2806
133,0.625041,0.215532,0.40951,174.15,1.3094,196.15,0.2728,0.2828
134,0.629872,0.217197,0.412674,175.5,1.3097,197.66,0.2749,0.285
135,0.634704,0.218863,0.41584,176.84,1.3099,199.18,0.277,0.2872
136,0.639538,0.22053,0.419007,178.19,1.3102,200.7,0.2792,0.2894
137,0.644374,0.222198,0.422176,179.54,1.3105,202.21,0.2813,0.2916
138,0.649212,0.223866,0.425346,180.88,1.3108,203.73,0.2834,0.2937
139,0.654052,0.225535,0.428517,182.23,1.311,205.25,0.2855,0.2959
140,0.658894,0.227205,0.431689,183.58,1.3113,206.77,0.2876,0.2981
141,0.663738,0.228875,0.434863,184.93,1.3116,208.29,0.2897,0.3003
142,0.668584,0.230546,0.438038,186.28,1.3118,209.81,0.2918,0.3025
143,0.673432,0.232218,0.441214,187.63,1.3121,211.33,0.2939,0.3047
144,0.678282,0.23389,0.444392,188.98,1.3124,212.85,0.2961,0.3069
145,0.683134,0.235564,0.447571,190.34,1.3127,214.38,0.2982,0.3091
146,0.687989,0.237237,0.450751,191.69,1.3129,215.9,0.3003,0.3113
147,0.692845,0.238912,0.453933,193.04,1.3132,217.42,0.3024,0.3135
148,0.697703,0.240587,0.457116,194.39,1.3135,218.95,0.3045,0.3157
149,0.702563,0.242263,0.4603,195.75,1.3137,220.47,0.3067,0.3179
150,0.707425,0.24394,0.463485,197.1,1.314,222.0,0.3088,0.3201
151,0.712289,0.245617,0.466672,198.46,1.3143,223.53,0.3109,0.3223
152,0.717155,0.247295,0.46986,199.81,1.3146,225.05,0.313,0.3245
153,0.722023,0.248974,0.47305,201.17,1.3148,226.58,0.3152,0.3267
154,0.726894,0.250653,0.476241,202.53,1.3151,228.11,0.3173,0.3289
155,0.731766,0.252333,0.479433,203.89,1.3154,229.64,0.3194,0.3311
156,0.73664,0.254014,0.482626,205.24,1.3157,231.17,0.3215,0.3333
157,0.741516,0.255695,0.485821,206.6,1.3159,232.7,0.3237,0.3355
158,0.746394,0.257377,0.489017,207.96,1.3162,234.23,0.3258,0.3377
159,0.751274,0.25906,0.492214,209.32,1.3165,235.76,0.3279,0.3399
160,0.756157,0.260744,0.495413,210.68,1.3168,237.29,0.3301,0.3421
161,0.761041,0.262428,0.498613,212.04,1.317,238.82,0.3322,0.3443
162,0.765927,0.264113,0.501814,213.4,1.3173,240.36,0.3343,0.3466
163,0.770815,0.265798,0.505017,214.77,1.3176,241.89,0.3365,0.3488
164,0.775706,0.267485,0.508221,216.13,1.3179,243.43,0.3386,0.351
165,0.780598,0.269172,0.511426,217.49,1.3181,244.96,0.3407,0.3532
166,0.785492,0.270859,0.514633,218.85,1.3184,246.5,0.3429,0.3554
167,0.790389,0.272548,0.517841,220.22,1.3187,248.03,0.345,0.3576
168,0.795287,0.274237,0.52105,221.58,1.3189,249.57,0.3471,0.3598
169,0.800188,0.275927,0.524261,222.95,1.3192,251.11,0.3493,0.3621
170,0.80509,0.277617,0.527473,224.31,1.3195,252.65,0.3514,0.3643
171,0.809995,0.279308,0.530686,225.68,1.3198,254.19,0.3536,0.3665
172,0.814901,0.281,0.533901,227.05,1.32,255.73,0.3557,0.3687
173,0.81981,0.282693,0.537117,228.42,1.3203,257.27,0.3578,0.3709
174,0.82472,0.284386,0.540334,229.78,1.3206,258.81,0.36,0.3732
175,0.829633,0.28608,0.543553,231.15,1.3209,260.35,0.3621,0.3754
176,0.834548,0.287775,0.546773,232.52,1.3211,261.89,0.3643,0.3776
177,0.839464,0.28947,0.549994,233.89,1.3214,263.43,0.3664,0.3798
178,0.844383,0.291167,0.553216,235.26,1.3217,264.98,0.3686,0.3821
179,0.849304,0.292863,0.55644,236.63,1.322,266.52,0.3707,0.3843
180,0.854226,0.294561,0.559666,238.01,1.3223,268.07,0.3729,0.3865
181,0.859151,0.296259,0.562892,239.38,1.3225,269.61,0.375,0.3887
182,0.864078,0.297958,0.56612,240.75,1.3228,271.16,0.3772,0.391
183,0.869007,0.299658,0.569349,242.12,1.3231,272.71,0.3793,0.3932
184,0.873938,0.301358,0.57258,243.5,1.3234,274.25,0.3815,0.3954
185,0.878871,0.303059,0.575812,244.87,1.3236,275.8,0.3836,0.3977
186,0.883806,0.304761,0.579045,246.25,1.3239,277.35,0.3858,0.3999
187,0.888743,0.306463,0.58228,247.62,1.3242,278.9,0.3879,0.4021
188,0.893682,0.308166,0.585516,249.0,1.3245,280.45,0.3901,0.4044
189,0.898623,0.30987,0.588753,250.38,1.3247,282.0,0.3922,0.4066
190,0.903567,0.311575,0.591992,251.75,1.325,283.55,0.3944,0.4088
191,0.908512,0.31328,0.595232,253.13,1.3253,285.1,0.3966,0.4111
192,0.913459,0.314986,0.598473,254.51,1.3256,286.66,0.3987,0.4133
193,0.918409,0.316693,0.601716,255.89,1.3258,288.21,0.4009,0.4155
194,0.92336,0.3184,0.60496,257.27,1.3261,289.76,0.403,0.4178
195,0.928313,0.320108,0.608205,258.65,1.3264,291.32,0.4052,0.42
196,0.933269,0.321817,0.611452,260.03,1.3267,292.87,0.4074,0.4223
197,0.938226,0.323526,0.6147,261.41,1.327,294.43,0.4095,0.4245
198,0.943186,0.325237,0.61795,262.79,1.3272,295.98,0.4117,0.4268
199,0.948148,0.326948,0.6212,264.17,1.3275,297.54,0.4139,0.429
200,0.953112,0.328659,0.624452,265.56,1.3278,299.1,0.416,0.4313
201,0.958077,0.330371,0.627706,266.94,1.3281,300.66,0.4182,0.4335
202,0.963045,0.332085,0.630961,268.32,1.3283,302.22,0.4204,0.4357
203,0.968015,0.333798,0.634217,269.71,1.3286,303.78,0.4225,0.438
204,0.972987,0.335513,0.637474,271.09,1.3289,305.34,0.4247,0.4402
205,0.977961,0.337228,0.640733,272.48,1.3292,306.9,0.4269,0.4425
206,0.982937,0.338944,0.643993,273.87,1.3294,308.46,0.429,0.4447
207,0.987915,0.34066,0.647255,275.25,1.3297,310.02,0.4312,0.447
208,0.992896,0.342378,0.650518,276.64,1.33,311.58,0.4334,0.4493
209,0.997878,0.344096,0.653782,278.03,1.3303,313.15,0.4356,0.4515
210,1.002862,0.345815,0.657048,279.42,1.3306,314.71,0.4377,0.4538
211,1.007849,0.347534,0.660315,280.81,1.3308,316.28,0.4399,0.456
212,1.012837,0.349254,0.663583,282.2,1.3311,317.84,0.4421,0.4583
213,1.017828,0.350975,0.666853,283.59,1.3314,319.41,0.4443,0.4605
214,1.022821,0.352697,0.670124,284.98,1.3317,320.97,0.4465,0.4628
215,1.027815,0.354419,0.673396,286.37,1.332,322.54,0.4486,0.4651
216,1.032812,0.356142,0.67667,287.76,1.3322,324.11,0.4508,0.4673
217,1.037811,0.357866,0.679945,289.16,1.3325,325.68,0.453,0.4696
218,1.042812,0.35959,0.683222,290.55,1.3328,327.25,0.4552,0.4718
219,1.047815,0.361315,0.686499,291.94,1.3331,328.82,0.4574,0.4741
220,1.05282,0.363041,0.689779,293.34,1.3334,330.39,0.4595,0.4764
221,1.057827,0.364768,0.693059,294.73,1.3336,331.96,0.4617,0.4786
222,1.062836,0.366495,0.696341,296.13,1.3339,333.53,0.4639,0.4809
223,1.067848,0.368223,0.699624,297.52,1.3342,335.1,0.4661,0.4832
224,1.072861,0.369952,0.702909,298.92,1.3345,336.68,0.4683,0.4854
225,1.077877,0.371682,0.706195,300.32,1.3348,338.25,0.4705,0.4877
226,1.082894,0.373412,0.709483,301.72,1.335,339.83,0.4727,0.49
227,1.087914,0.375143,0.712771,303.12,1.3353,341.4,0.4749,0.4922
228,1.092936,0.376874,0.716061,304.51,1.3356,342.98,0.4771,0.4945
229,1.09796,0.378607,0.719353,305.91,1.3359,344.55,0.4792,0.4968
230,1.102986,0.38034,0.722646,307.31,1.3362,346.13,0.4814,0.4991
231,1.108014,0.382074,0.72594,308.72,1.3364,347.71,0.4836,0.5013
232,1.113044,0.383808,0.729236,310.12,1.3367,349.29,0.4858,0.5036
233,1.118076,0.385543,0.732533,311.52,1.337,350.87,0.488,0.5059
234,1.12311,0.387279,0.735831,312.92,1.3373,352.45,0.4902,0.5082
235,1.128147,0.389016,0.739131,314.33,1.3376,354.03,0.4924,0.5104
236,1.133185,0.390754,0.742432,315.73,1.3378,355.61,0.4946,0.5127
237,1.138226,0.392492,0.745734,317.13,1.3381,357.19,0.4968,0.515
238,1.143269,0.394231,0.749038,318.54,1.3384,358.77,0.499,0.5173
239,1.148313,0.39597,0.752343,319.94,1.3387,360.36,0.5012,0.5196
240,1.15336,0.39771,0.75565,321.35,1.339,361.94,0.5034,0.5219
241,1.158409,0.399451,0.758958,322.76,1.3392,363.52,0.5056,0.5241
242,1.16346,0.401193,0.762267,324.16,1.3395,365.11,0.5078,0.5264
243,1.168514,0.402936,0.765578,325.57,1.3398,366.69,0.51,0.5287
244,1.173569,0.404679,0.76889,326.98,1.3401,368.28,0.5123,0.531
245,1.178626,0.406423,0.772203,328.39,1.3404,369.87,0.5145,0.5333
246,1.183686,0.408168,0.775518,329.8,1.3406,371.46,0.5167,0.5356
247,1.188747,0.409913,0.778835,331.21,1.3409,373.04,0.5189,0.5379
248,1.193811,0.411659,0.782152,332.62,1.3412,374.63,0.5211,0.5402
249,1.198877,0.413406,0.785471,334.03,1.3415,376.22,0.5233,0.5425
250,1.203945,0.415153,0.788791,335.44,1.3418,377.81,0.5255,0.5447
251,1.209015,0.416902,0.792113,336.86,1.3421,379.4,0.5277,0.547
252,1.214087,0.418651,0.795436,338.27,1.3423,381.0,0.5299,0.5493
253,1.219161,0.4204,0.798761,339.68,1.3426,382.59,0.5322,0.5516
254,1.224238,0.422151,0.802087,341.1,1.3429,384.18,0.5344,0.5539
255,1.229316,0.423902,0.805414,342.51,1.3432,385.78,0.5366,0.5562
256,1.234397,0.425654,0.808743,343.93,1.3435,387.37,0.5388,0.5585
257,1.23948,0.427407,0.812073,345.34,1.3438,388.96,0.541,0.5608
258,1.244565,0.42916,0.815404,346.76,1.344,390.56,0.5432,0.5631
259,1.249652,0.430914,0.818737,348.18,1.3443,392.16,0.5455,0.5654
260,1.254741,0.432669,0.822071,349.6,1.3446,393.75,0.5477,0.5677
261,1.259832,0.434425,0.825407,351.02,1.3449,395.35,0.5499,0.57
262,1.264925,0.436181,0.828744,352.43,1.3452,396.95,0.5521,0.5723
263,1.270021,0.437938,0.832083,353.85,1.3455,398.55,0.5544,0.5746
264,1.275118,0.439696,0.835422,355.27,1.3457,400.15,0.5566,0.5769
265,1.280218,0.441454,0.838763,356.7,1.346,401.75,0.5588,0.5793
266,1.28532,0.443214,0.842106,358.12,1.3463,403.35,0.561,0.5816
267,1.290424,0.444974,0.84545,359.54,1.3466,404.95,0.5633,0.5839
268,1.29553,0.446734,0.848795,360.96,1.3469,406.55,0.5655,0.5862
269,1.300638,0.448496,0.852142,362.38,1.3472,408.16,0.5677,0.5885
270,1.305748,0.450258,0.85549,363.81,1.3474,409.76,0.5699,0.5908
271,1.310861,0.452021,0.85884,365.23,1.3477,411.36,0.5722,0.5931
272,1.315976,0.453785,0.862191,366.66,1.348,412.97,0.5744,0.5954
273,1.321092,0.455549,0.865543,368.08,1.3483,414.58,0.5766,0.5978
274,1.326211,0.457314,0.868897,369.51,1.3486,416.18,0.5789,0.6001
275,1.331332,0.45908,0.872252,370.94,1.3489,417.79,0.5811,0.6024
276,1.336455,0.460847,0.875609,372.36,1.3491,419.4,0.5834,0.6047
277,1.341581,0.462614,0.878967,373.79,1.3494,421.01,0.5856,0.607
278,1.346708,0.464382,0.882326,375.22,1.3497,422.61,0.5878,0.6093
279,1.351838,0.466151,0.885687,376.65,1.35,424.22,0.5901,0.6117
280,1.35697,0.467921,0.889049,378.08,1.3503,425.83,0.5923,0.614
281,1.362103,0.469691,0.892413,379.51,1.3506,427.45,0.5945,0.6163
282,1.367239,0.471462,0.895778,380.94,1.3509,429.06,0.5968,0.6186
283,1.372378,0.473234,0.899144,382.37,1.3511,430.67,0.599,0.621
284,1.377518,0.475006,0.902512,383.81,1.3514,432.28,0.6013,0.6233
285,1.38266,0.476779,0.905881,385.24,1.3517,433.9,0.6035,0.6256
286,1.387805,0.478553,0.909252,386.67,1.352,435.51,0.6058,0.6279
287,1.392952,0.480328,0.912624,388.11,1.3523,437.13,0.608,0.6303
288,1.398101,0.482104,0.915997,389.54,1.3526,438.74,0.6103,0.6326
289,1.403252,0.48388,0.919372,390.97,1.3529,440.36,0.6125,0.6349
290,1.408405,0.485657,0.922748,392.41,1.3531,441.98,0.6148,0.6373
291,1.41356,0.487435,0.926126,393.85,1.3534,443.59,0.617,0.6396
292,1.418718,0.489213,0.929505,395.28,1.3537,445.21,0.6193,0.6419
293,1.423878,0.490992,0.932885,396.72,1.354,446.83,0.6215,0.6443
294,1.429039,0.492772,0.936267,398.16,1.3543,448.45,0.6238,0.6466
295,1.434203,0.494553,0.93965,399.6,1.3546,450.07,0.626,0.6489
296,1.43937,0.496334,0.943035,401.04,1.3549,451.69,0.6283,0.6513
297,1.444538,0.498116,0.946421,402.48,1.3551,453.31,0.6305,0.6536
298,1.449708,0.499899,0.949809,403.92,1.3554,454.94,0.6328,0.6559
299,1.454881,0.501683,0.953198,405.36,1.3557,456.56,0.635,0.6583
300,1.460056,0.503467,0.956588,406.8,1.356,458.18,0.6373,0.6606
301,1.465233,0.505253,0.95998,408.24,1.3563,459.81,0.6396,0.663
302,1.470412,0.507039,0.963373,409.69,1.3566,461.43,0.6418,0.6653
303,1.475593,0.508825,0.966768,411.13,1.3569,463.06,0.6441,0.6677
304,1.480777,0.510613,0.970164,412.57,1.3572,464.69,0.6463,0.67
305,1.485962,0.512401,0.973561,414.02,1.3574,466.31,0.6486,0.6723
306,1.49115,0.51419,0.97696,415.47,1.3577,467.94,0.6509,0.6747
307,1.49634,0.515979,0.980361,416.91,1.358,469.57,0.6531,0.677
308,1.501532,0.51777,0.983762,418.36,1.3583,471.2,0.6554,0.6794
309,1.506726,0.519561,0.987166,419.81,1.3586,472.83,0.6577,0.6817
310,1.511923,0.521353,0.99057,421.25,1.3589,474.46,0.6599,0.6841
311,1.517122,0.523145,0.993976,422.7,1.3592,476.09,0.6622,0.6864
312,1.522322,0.524939,0.997384,424.15,1.3595,477.72,0.6645,0.6888
313,1.527526,0.526733,1.000793,425.6,1.3597,479.36,0.6668,0.6912
314,1.532731,0.528528,1.004203,427.05,1.36,480.99,0.669,0.6935
315,1.537938,0.530323,1.007615,428.5,1.3603,482.62,0.6713,0.6959
316,1.543148,0.53212,1.011028,429.95,1.3606,484.26,0.6736,0.6982
317,1.548359,0.533917,1.014442,431.4,1.3609,485.9,0.6758,0.7006
318,1.553573,0.535715,1.017858,432.86,1.3612,487.53,0.6781,0.7029
319,1.558789,0.537514,1.021276,434.31,1.3615,489.17,0.6804,0.7053
320,1.564008,0.539313,1.024695,435.76,1.3618,490.81,0.6827,0.7077
321,1.569228,0.541113,1.028115,437.22,1.3621,492.44,0.685,0.71
322,1.574451,0.542914,1.031537,438.67,1.3623,494.08,0.6872,0.7124
323,1.579676,0.544716,1.03496,440.13,1.3626,495.72,0.6895,0.7148
324,1.584903,0.546518,1.038385,441.59,1.3629,497.36,0.6918,0.7171
325,1.590132,0.548321,1.041811,443.04,1.3632,499.0,0.6941,0.7195
326,1.595364,0.550125,1.045238,444.5,1.3635,500.65,0.6964,0.7218
327,1.600597,0.55193,1.048667,445.96,1.3638,502.29,0.6986,0.7242
328,1.605833,0.553736,1.052098,447.42,1.3641,503.93,0.7009,0.7266
329,1.611071,0.555542,1.055529,448.88,1.3644,505.57,0.7032,0.729
330,1.616311,0.557349,1.058963,450.34,1.3647,507.22,0.7055,0.7313
331,1.621554,0.559156,1.062397,451.8,1.3649,508.86,0.7078,0.7337
332,1.626798,0.560965,1.065833,453.26,1.3652,510.51,0.7101,0.7361
333,1.632045,0.562774,1.069271,454.72,1.3655,512.16,0.7124,0.7384
334,1.637294,0.564584,1.07271,456.18,1.3658,513.8,0.7147,0.7408
335,1.642545,0.566395,1.07615,457.65,1.3661,515.45,0.717,0.7432
336,1.647799,0.568206,1.079592,459.11,1.3664,517.1,0.7192,0.7456
337,1.653054,0.570019,1.083036,460.58,1.3667,518.75,0.7215,0.748
338,1.658312,0.571832,1.08648,462.04,1.367,520.4,0.7238,0.7503
339,1.663572,0.573646,1.089927,463.51,1.3673,522.05,0.7261,0.7527
340,1.668835,0.57546,1.093374,464.97,1.3676,523.7,0.7284,0.7551
341,1.674099,0.577276,1.096823,466.44,1.3679,525.35,0.7307,0.7575
342,1.679366,0.579092,1.100274,467.91,1.3681,527.01,0.733,0.7599
343,1.684635,0.580908,1.103726,469.37,1.3684,528.66,0.7353,0.7622
344,1.689906,0.582726,1.10718,470.84,1.3687,530.31,0.7376,0.7646
345,1.695179,0.584544,1.110635,472.31,1.369,531.97,0.7399,0.767
346,1.700454,0.586364,1.114091,473.78,1.3693,533.62,0.7422,0.7694
347,1.705732,0.588184,1.117549,475.25,1.3696,535.28,0.7445,0.7718
348,1.711012,0.590004,1.121008,476.72,1.3699,536.94,0.7468,0.7742
349,1.716294,0.591826,1.124469,478.2,1.3702,538.6,0.7491,0.7766
350,1.721579,0.593648,1.127931,479.67,1.3705,540.25,0.7515,0.779
351,1.726865,0.595471,1.131395,481.14,1.3708,541.91,0.7538,0.7813
352,1.732154,0.597295,1.13486,482.61,1.3711,543.57,0.7561,0.7837
353,1.737445,0.599119,1.138326,484.09,1.3714,545.23,0.7584,0.7861
354,1.742739,0.600944,1.141794,485.56,1.3716,546.89,0.7607,0.7885
355,1.748034,0.60277,1.145264,487.04,1.3719,548.56,0.763,0.7909
356,1.753332,0.604597,1.148735,488.51,1.3722,550.22,0.7653,0.7933
357,1.758632,0.606425,1.152207,489.99,1.3725,551.88,0.7676,0.7957
358,1.763934,0.608253,1.155681,491.47,1.3728,553.55,0.7699,0.7981
359,1.769238,0.610082,1.159156,492.95,1.3731,555.21,0.7723,0.8005
360,1.774545,0.611912,1.162633,494.42,1.3734,556.87,0.7746,0.8029
361,1.779854,0.613743,1.166111,495.9,1.3737,558.54,0.7769,0.8053
362,1.785165,0.615574,1.169591,497.38,1.374,560.21,0.7792,0.8077
363,1.790478,0.617406,1.173072,498.86,1.3743,561.88,0.7815,0.8101
364,1.795794,0.619239,1.176555,500.35,1.3746,563.54,0.7838,0.8125
365,1.801112,0.621073,1.180039,501.83,1.3749,565.21,0.7862,0.8149
366,1.806432,0.622908,1.183524,503.31,1.3752,566.88,0.7885,0.8174
367,1.811754,0.624743,1.187011,504.79,1.3755,568.55,0.7908,0.8198
368,1.817079,0.626579,1.1905,506.28,1.3757,570.22,0.7931,0.8222
369,1.822405,0.628416,1.19399,507.76,1.376,571.89,0.7955,0.8246
370,1.827734,0.630253,1.197481,509.24,1.3763,573.57,0.7978,0.827
371,1.833066,0.632092,1.200974,510.73,1.3766,575.24,0.8001,0.8294
372,1.838399,0.633931,1.204468,512.22,1.3769,576.91,0.8024,0.8318
373,1.843735,0.635771,1.207964,513.7,1.3772,578.59,0.8048,0.8342
374,1.849073,0.637611,1.211462,515.19,1.3775,580.26,0.8071,0.8366
375,1.854413,0.639453,1.21496,516.68,1.3778,581.94,0.8094,0.8391
376,1.859756,0.641295,1.218461,518.17,1.3781,583.62,0.8118,0.8415
377,1.8651,0.643138,1.221962,519.66,1.3784,585.29,0.8141,0.8439
378,1.870447,0.644982,1.225466,521.15,1.3787,586.97,0.8164,0.8463
379,1.875797,0.646826,1.22897,522.64,1.379,588.65,0.8188,0.8487
380,1.881148,0.648672,1.232476,524.13,1.3793,590.33,0.8211,0.8512
381,1.886502,0.650518,1.235984,525.62,1.3796,592.01,0.8234,0.8536
382,1.891858,0.652365,1.239493,527.11,1.3799,593.69,0.8258,0.856
383,1.897216,0.654212,1.243004,528.6,1.3802,595.37,0.8281,0.8584
384,1.902577,0.656061,1.246516,530.1,1.3805,597.05,0.8305,0.8609
385,1.907939,0.65791,1.250029,531.59,1.3808,598.74,0.8328,0.8633
386,1.913305,0.65976,1.253544,533.09,1.3811,600.42,0.8351,0.8657
387,1.918672,0.661611,1.257061,534.58,1.3813,602.1,0.8375,0.8681
388,1.924041,0.663463,1.260579,536.08,1.3816,603.79,0.8398,0.8706
389,1.929413,0.665315,1.264098,537.57,1.3819,605.47,0.8422,0.873
390,1.934787,0.667168,1.267619,539.07,1.3822,607.16,0.8445,0.8754
391,1.940164,0.669022,1.271142,540.57,1.3825,608.85,0.8469,0.8779
392,1.945542,0.670877,1.274666,542.07,1.3828,610.54,0.8492,0.8803
393,1.950923,0.672732,1.278191,543.57,1.3831,612.22,0.8516,0.8827
394,1.956306,0.674588,1.281718,545.07,1.3834,613.91,0.8539,0.8852
395,1.961692,0.676445,1.285246,546.57,1.3837,615.6,0.8563,0.8876
396,1.96708,0.678303,1.288776,548.07,1.384,617.29,0.8586,0.89
397,1.97247,0.680162,1.292308,549.57,1.3843,618.99,0.861,0.8925
398,1.977862,0.682021,1.29584,551.07,1.3846,620.68,0.8633,0.8949
399,1.983256,0.683881,1.299375,552.58,1.3849,622.37,0.8657,0.8974
400,1.988653,0.685742,1.302911,554.08,1.3852,624.06,0.868,0.8998
401,1.994052,0.687604,1.306448,555.58,1.3855,625.76,0.8704,0.9022
402,1.999454,0.689467,1.309987,557.09,1.3858,627.45,0.8727,0.9047
403,2.004857,0.69133,1.313527,558.59,1.3861,629.15,0.8751,0.9071
404,2.010263,0.693194,1.317069,560.1,1.3864,630.85,0.8775,0.9096
405,2.015671,0.695059,1.320612,561.61,1.3867,632.54,0.8798,0.912
406,2.021082,0.696925,1.324157,563.12,1.387,634.24,0.8822,0.9145
407,2.026495,0.698791,1.327703,564.62,1.3873,635.94,0.8845,0.9169
408,2.03191,0.700659,1.331251,566.13,1.3876,637.64,0.8869,0.9194
409,2.037327,0.702527,1.334801,567.64,1.3879,639.34,0.8893,0.9218
410,2.042747,0.704395,1.338351,569.15,1.3882,641.04,0.8916,0.9243
411,2.048169,0.706265,1.341904,570.66,1.3885,642.74,0.894,0.9267
412,2.053593,0.708135,1.345457,572.17,1.3888,644.44,0.8964,0.9292
413,2.059019,0.710007,1.349013,573.69,1.3891,646.15,0.8987,0.9316
414,2.064448,0.711879,1.35257,575.2,1.3894,647.85,0.9011,0.9341
415,2.069879,0.713751,1.356128,576.71,1.3897,649.55,0.9035,0.9366
416,2.075313,0.715625,1.359688,578.23,1.39,651.26,0.9059,0.939
417,2.080748,0.717499,1.363249,579.74,1.3903,652.97,0.9082,0.9415
418,2.086186,0.719375,1.366812,581.25,1.3906,654.67,0.9106,0.9439
419,2.091627,0.721251,1.370376,582.77,1.3909,656.38,0.913,0.9464
420,2.097069,0.723127,1.373942,584.29,1.3912,658.09,0.9154,0.9489
421,2.102514,0.725005,1.377509,585.8,1.3915,659.8,0.9177,0.9513
422,2.107961,0.726883,1.381078,587.32,1.3918,661.51,0.9201,0.9538
423,2.113411,0.728762,1.384648,588.84,1.3921,663.22,0.9225,0.9562
424,2.118863,0.730642,1.38822,590.36,1.3924,664.93,0.9249,0.9587
425,2.124317,0.732523,1.391794,591.88,1.3927,666.64,0.9272,0.9612
426,2.129773,0.734405,1.395369,593.4,1.393,668.35,0.9296,0.9637
427,2.135232,0.736287,1.398945,594.92,1.3933,670.06,0.932,0.9661
428,2.140693,0.73817,1.402523,596.44,1.3936,671.78,0.9344,0.9686
429,2.146156,0.740054,1.406102,597.96,1.3939,673.49,0.9368,0.9711
430,2.151622,0.741939,1.409683,599.49,1.3942,675.21,0.9392,0.9735
431,2.15709,0.743824,1.413266,601.01,1.3945,676.92,0.9415,0.976
432,2.16256,0.74571,1.41685,602.53,1.3948,678.64,0.9439,0.9785
433,2.168033,0.747598,1.420435,604.06,1.3951,680.36,0.9463,0.981
434,2.173508,0.749485,1.424022,605.58,1.3954,682.07,0.9487,0.9834
435,2.178985,0.751374,1.427611,607.11,1.3957,683.79,0.9511,0.9859
436,2.184465,0.753264,1.431201,608.64,1.396,685.51,0.9535,0.9884
437,2.189946,0.755154,1.434792,610.16,1.3963,687.23,0.9559,0.9909
438,2.195431,0.757045,1.438386,611.69,1.3966,688.95,0.9583,0.9934
439,2.200917,0.758937,1.44198,613.22,1.3969,690.68,0.9607,0.9958
440,2.206406,0.76083,1.445576,614.75,1.3972,692.4,0.9631,0.9983
441,2.211897,0.762723,1.449174,616.28,1.3975,694.12,0.9655,1.0008
442,2.217391,0.764617,1.452773,617.81,1.3978,695.85,0.9679,1.0033
443,2.222886,0.766513,1.456374,619.34,1.3981,697.57,0.9703,1.0058
444,2.228385,0.768408,1.459976,620.87,1.3984,699.3,0.9727,1.0083
445,2.233885,0.770305,1.46358,622.41,1.3987,701.02,0.9751,1.0108
446,2.239388,0.772203,1.467185,623.94,1.399,702.75,0.9775,1.0132
447,2.244893,0.774101,1.470792,625.47,1.3993,704.48,0.9799,1.0157
448,2.250401,0.776,1.4744,627.01,1.3996,706.2,0.9823,1.0182
449,2.25591,0.7779,1.47801,628.54,1.3999,707.93,0.9847,1.0207
450,2.261422,0.779801,1.481622,630.08,1.4002,709.66,0.9871,1.0232
451,2.266937,0.781702,1.485235,631.62,1.4005,711.39,0.9895,1.0257
452,2.272454,0.783605,1.488849,633.15,1.4008,713.13,0.9919,1.0282
453,2.277973,0.785508,1.492465,634.69,1.4011,714.86,0.9943,1.0307
454,2.283494,0.787412,1.496083,636.23,1.4014,716.59,0.9967,1.0332
455,2.289018,0.789317,1.499702,637.77,1.4017,718.32,0.9991,1.0357
456,2.294545,0.791222,1.503322,639.31,1.402,720.06,1.0015,1.0382
457,2.300073,0.793129,1.506944,640.85,1.4023,721.79,1.004,1.0407
458,2.305604,0.795036,1.510568,642.39,1.4026,723.53,1.0064,1.0432
459,2.311137,0.796944,1.514193,643.93,1.4029,725.26,1.0088,1.0457
460,2.316673,0.798853,1.51782,645.47,1.4032,727.0,1.0112,1.0482
461,2.322211,0.800762,1.521448,647.02,1.4035,728.74,1.0136,1.0507
462,2.327751,0.802673,1.525078,648.56,1.4038,730.48,1.016,1.0532
463,2.333294,0.804584,1.52871,650.1,1.4041,732.22,1.0185,1.0557
464,2.338839,0.806496,1.532342,651.65,1.4044,733.96,1.0209,1.0582
465,2.344386,0.808409,1.535977,653.19,1.4047,735.7,1.0233,1.0608
466,2.349936,0.810323,1.539613,654.74,1.405,737.44,1.0257,1.0633
467,2.355488,0.812237,1.543251,656.29,1.4053,739.18,1.0281,1.0658
468,2.361042,0.814152,1.54689,657.84,1.4056,740.93,1.0306,1.0683
469,2.366599,0.816069,1.55053,659.38,1.4059,742.67,1.033,1.0708
470,2.372158,0.817985,1.554172,660.93,1.4062,744.41,1.0354,1.0733
471,2.377719,0.819903,1.557816,662.48,1.4065,746.16,1.0379,1.0758
472,2.383283,0.821822,1.561461,664.03,1.4068,747.9,1.0403,1.0784
473,2.388849,0.823741,1.565108,665.58,1.4072,749.65,1.0427,1.0809
474,2.394418,0.825661,1.568757,667.13,1.4075,751.4,1.0451,1.0834
475,2.399989,0.827582,1.572407,668.69,1.4078,753.15,1.0476,1.0859
476,2.405562,0.829504,1.576058,670.24,1.4081,754.9,1.05,1.0884
477,2.411138,0.831427,1.579711,671.79,1.4084,756.65,1.0524,1.091
478,2.416716,0.83335,1.583366,673.35,1.4087,758.4,1.0549,1.0935
479,2.422296,0.835275,1.587022,674.9,1.409,760.15,1.0573,1.096
480,2.427879,0.8372,1.590679,676.46,1.4093,761.9,1.0597,1.0985
481,2.433464,0.839126,1.594339,678.01,1.4096,763.65,1.0622,1.1011
482,2.439052,0.841052,1.598,679.57,1.4099,765.41,1.0646,1.1036
483,2.444642,0.84298,1.601662,681.13,1.4102,767.16,1.0671,1.1061
484,2.450234,0.844908,1.605326,682.69,1.4105,768.91,1.0695,1.1087
485,2.455829,0.846838,1.608991,684.24,1.4108,770.67,1.0719,1.1112
486,2.461426,0.848768,1.612658,685.8,1.4111,772.43,1.0744,1.1137
487,2.467025,0.850698,1.616327,687.36,1.4114,774.18,1.0768,1.1162
488,2.472627,0.85263,1.619997,688.93,1.4117,775.94,1.0793,1.1188
489,2.478231,0.854563,1.623669,690.49,1.412,777.7,1.0817,1.1213
490,2.483838,0.856496,1.627342,692.05,1.4123,779.46,1.0842,1.1239
491,2.489447,0.85843,1.631017,693.61,1.4127,781.22,1.0866,1.1264
492,2.495058,0.860365,1.634693,695.17,1.413,782.98,1.0891,1.1289
493,2.500672,0.862301,1.638371,696.74,1.4133,784.74,1.0915,1.1315
494,2.506288,0.864237,1.642051,698.3,1.4136,786.51,1.094,1.134
495,2.511907,0.866175,1.645732,699.87,1.4139,788.27,1.0964,1.1366
496,2.517528,0.868113,1.649415,701.44,1.4142,790.03,1.0989,1.1391
497,2.523151,0.870052,1.653099,703.0,1.4145,791.8,1.1013,1.1416
498,2.528777,0.871992,1.656785,704.57,1.4148,793.56,1.1038,1.1442
499,2.534405,0.873933,1.660472,706.14,1.4151,795.33,1.1062,1.1467
500,2.540035,0.875874,1.664161,707.71,1.4154,797.1,1.1087,1.1493
